title, location, company, link,
Software Engineer - BCG X의 전체 세부 정보, 서울, Boston Consulting Group, https://kr.indeed.com/pagead/clk?mo=r&ad=-6NYlbfkN0Ad1FFWZOsBBwBZDGouyCcICeLSd3pQct3wJ1q5dPO7JG9bUep5oaAbSM6zROj67rzkp6f1nWtS9gd6NVAEyiRUQPQsr_2td0j1J46quCUS_scsi9yVh5tQyO3LRAgF_2JB5cumwnMo8SyYyBmLqxkLACoHyW8HHr5HDjMu1yrVZ9sqH1GQEMHm1yIg7qNwKhk75GWXW_rf_-BZpqS28E-YVsFLZnoa0wqR0CrhEBDXNIP29g35Kv_fEcc10HQUXQ5daOXwsxbjpGYZqWTv0zdYbUWitbsxycnAgGd1PEMrPaNRBqPx1i_llNZZdpHnpLuWBRKAoPoNOQHWOuSJYcefZlOQOOetqKVixwrs_LeRfloH6P92b2U9hd8Mb0qyg_CdKVHOL7fMTeKvhlzjQOLjvVzE8rcAYuAPr7VWPrgyhBHLoEjbpsJhXpT-MJ8ehXnHcw_PIOxjcJPXG3ABp4Y0H1i1ytPsP5XD3XLnC8U7NcQfwrvrVTU3P6AmLXaQ2Or8sffdTRJjjjU3Bt-h8uTa79rqa9o7gZMBWNQIcKI18YqynPi9AwMWAwKFjnsvzxOUM7B9zDKuCCKtxzUUz0-koCMG0AaCTJ6XTXhBQgVYxGNqp4m5UhZ7rrUW6uQJM_SQdsQD1WLZgKDv3NNqL0w5PcR1R3CDJIUllfc2wguO8CmLoBRMKPI1DizT5hJijOB0N80uBvTVi-PnyOD9rFICjuXJEJTjdQ7E1j-9qPPFRHrsgK7riLNb5FUZWGGiYZhhyD8W1A70ebuqCUPzW1kRLCWWccsUx0rRE5MCmCdvYryDzi1xX56n3PfbVSN2Ec_x9Axupncj5QKX0r8_vA_UOKUACX-C71BQYTethK-dO5FzRhF4GeYOVxwR0fdZ7RhYCZN5qs8SIIjcADHuljfhKbl3MkUExyMcGGd4V3ft7f9Tq3bjoMQKf1WGwW1cxXQfqmLflurHrIQ-TNLuOk6yIbPLcrQe5Nh5oxk94mxSq-cARDTVf0H4LglJGz55Qsb-OSpPnqus8a_9OwfnvuiXbjKu5h8Yuu7Y7VW0GJ-dnsDP9y5s3558-N5oETi-FmD_90-cJuzgoRs5ewG3SE6ryFFwu9NsIbSdVogOf17aAZc-oJMxIBoAYVIma6VLNft3H-kEV4aM7qGHSn3jnQjiojBJoUfrMrmJ8wx_DHEe2-ja6iwYwK0r6QmfyFKsd7pmunqbqjvay8KMW9Ko-CvZEn7CUwPJ6uofCJG9lGV4dnsbzs-AKRh09phHznrvULvbHszBgLPmFM8JgF4mz2tZuQPwYAnrzVEYZuu6opU7Eg==&xkcb=SoAW-_M3JiyJLETk9B0LbzkdCdPP&p=0&fvj=0&vjs=3
Data Scientist - BCG X의 전체 세부 정보, 서울, Boston Consulting Group, https://kr.indeed.com/pagead/clk?mo=r&ad=-6NYlbfkN0Ad1FFWZOsBBwBZDGouyCcICeLSd3pQct3wJ1q5dPO7JG9bUep5oaAbSM6zROj67rzkp6f1nWtS9idIpSNrYFbYqhKMoCheJEkeAjOhkGt83U7AAH9O830TXzaWXBdSJl95bn7dxZLsRge3ZU-TUz69OkbFTyO_M12CQHOz6o66txD4fI1GLL1Sp0ppxbIqXA0fHCRgihOgu5CnmGo61W811YrtWw-srH4_NdOeLq2Ef0kgS8fOsOyUD2TzoLArUJcpBXf7evu0VReYwrvgFZVVzPTtlVH6fhVA7mCCcy1VpMeZgIvXbOBWh6wv1SrAwYtTCNQHNtgzr4uBGwKmqyniBGn3Rm8UceujrK2-964pk_d1xJH_AvqI3ygmsxvoaRbJVbkHnqlO6cNPLoEalVgfU7AsXRcY37ZUzm8tfusZgWfRUKDgH-xoAvRTIeSXQdg9KW4qW4tnTRmeBvig8_R_5gXCPVw5O2kjxQxsHOvMI8mXyVKVMZGjHE8jkriZHvis_fURRur1db6Dh1w5ttIs8xGnQjyeFqDb9CrvVGtps6cC_mCNv2U6fIN20z0tl6fqpgDjJjJPK03hp7-Z_fvZE2-BOXRAH3rs8Q3aQFSa1vQWHCA2xcXPzkFTmdB3SVMM2hYJr0xKTJjDIlqEEDYdAtUi-LTTQ2HIt4LDGzqZsm1eqNAHm-vB8fT-Dm_k3i30VBqlZSoxQMTAq--rrpG1i5WW-uDgtPYzh4Qe7ucfO1wjHhMCl5nlA6-IlYc0NJ2xWrlkYK30oSD0cg_rzW1bjO0eBID1AtUN-rKEcZhr7sVZbFlN7boAy2fa3obSl7u-gDNnWn2OO2Qe2BHSJsPLETg6XupSTrY_-htm5aWaZOAOdooGYBnhKlaN78D4G2z5heX7B1xwmrg8hje7W9N6yTHEYaAiOJEG7BDY7svXteWsLBmvmBcMv8vfjU3T_2YsHVmIgbBNDp0e24QdZvKVUUb6H35yR9vDYnoQl4bevZ4lqk7squpwd8Y8vTEtElrBxoHKc0cMGacvSQyj4g8mLxMLF3s7gUURorj2iijtTc3BHPnSFb0Iab09PBs8W8s1_yAxX1plE-Wpsw8coYKH1YnhTkNbamihzHtHWmpgbh-4UU7jmG3KTVF9F56-b0pRAMguUNTxQmRgovKMG3wJzvnf8VCWeCmTu1ZyYfheWHVU8pF21GOKg7mLOks9wvcSb5Se1niyCB6yV2Ae-2yqjs4UfUliK3Dlmxnhnvth6WLkSyjY2QYS8EM3USi4pj8eR3hnmtVk_KsNw4bdood59FWUQfHlXvGNDNuZo2VeMw==&xkcb=SoCi-_M3JiyJLETk9B0KbzkdCdPP&p=1&fvj=0&vjs=3
R&D Engineer - Virtual Motion의 전체 세부 정보, 서울, Ansys, https://kr.indeed.com/pagead/clk?mo=r&ad=-6NYlbfkN0C_VxUQDhzcEtU5UIQUIXNdycmbXVRtU8htuAzRK_ilErGT-9Ok3wm1dT0fg5iXzeb0wQ-eEXSXziyYazu6QN7fdQyGK1QLqtGSVjVYi-5nV10RtH4VPMt81GUz6K3TpezeA72O8Qzl2wf_YZv5X3JYq1nLh4EQad14Hsi9t9i3uW95W6MxlPSXzwBikIgQigrGd-MMWp7v8OfKCGTMmMZyQPQilE3URBBgrWnGZQ4PbDMOpixAjp50dEVnnYHcpmeTVERnU5t-JkZT38GSxfB7DgjeU7LgFeHyncbNfNZFbv3PIkQe8SvwaI828BGM6gfa-xPazolyjzxY3F0GChCWyjl21Ez23d28BI33gSSRqycGZ16PIC-ps83fsa23YXArNrmeOTJv0ndN7gMdO5xPGlWM-rVeIvRg4sOyPehw9gwbkhMeZB4sbuvxiY4WA6_bXnWYiRIqhi58SVCNgnGkgHYQUHiuJFFRtexJSNLJKsK3EUSuV1FSk1VincwM8W5ztSgXUvI2JS6_0jnKW_AfM90dLEx5wi8j3nyb1h41YyMXws2i6_-AeN73UuW15b6Lww5ffSbsGG_088kbpkSWgwycmImPKn6P3jTu1z83swneicL-N_pRWZt8ITKhvaaL-bg6fMCp9NFZnMbbV6vzhkkMS8WpmK72GyNpHeS8nvikCxRVV2i5TMh5s4G5XZYM9xkrHL7mbcotm5aU9lXQX7NjqXfWNO9kYmr_XlsYuCxshAq8aGxZWHT_Qi6_adjxm6yVN37R54aquCz0a66BbbUaHSsdVPKtxxLeNaFTzcARNqVTYZwJ7_vGSJTUHCiaUA36bt-cp8dluCMptn_644gcNEQkMO0_t9py7FXmlplmoDsF8JneES1UpqVGK86LKAi0dbw0ItGe1PEL0WuQvD_AHSkRnFTznL8X92cx9sPL8WxXMU8E6ZayEIwKxMUxdaYbHSj3FfoPL0GLY0pcs3YZvz7DpsjpwWiP7DrApNsAbzdKatMm9BoIM7yqQEZ0eF2SjfWnptAK8lAtOvvWVUrDy890CZK0ZOgQ5zfXSfhbW1an2SzDZ7S2rh-1v_SEA3T8jChEifoPFNGAl9NIW3i5DJKKSBNxhbS_s7HKBRspySyGWq4rLi5GAwvuCAxR-GcLR20qLw==&xkcb=SoA_-_M3JiyJLETk9B0JbzkdCdPP&p=2&fvj=0&vjs=3
Deep Learning Researcher (Intern)의 전체 세부 정보, 서울, Qualcomm, https://kr.indeed.com/rc/clk?jk=701e887d6f3eb831&fccid=d40ebe11fc879426&vjs=3
파이썬(python) 백엔드 개발자의 전체 세부 정보, 서울 강남구, 아토머스, https://kr.indeed.com/rc/clk?jk=7e8499c0e2fe4afb&fccid=660bbb21789ab63d&vjs=3
Business Intelligence Analyst  Seoul  Korea의 전체 세부 정보, 서울 강남구, Tesla, https://kr.indeed.com/rc/clk?jk=4b3dfd13c88992b8&fccid=86e9be6ce380173e&vjs=3
Intern - Virtual Motion의 전체 세부 정보, 서울, Ansys, https://kr.indeed.com/rc/clk?jk=f52bfe272f061899&fccid=95f8f553c04ed01c&vjs=3
Python Engineer (Top Secret Clearance)의 전체 세부 정보, None, Better Talent Advisors, https://kr.indeed.com/rc/clk?jk=7e91108c3aa82d7d&fccid=a9ac37d9721dd9ff&vjs=3
SW engineer intern의 전체 세부 정보, 서울, INTEL, https://kr.indeed.com/rc/clk?jk=fae25ef1694390dc&fccid=936367796261bd6e&vjs=3
비전인식  Python 외 경력의 전체 세부 정보, 성남 수정구, 넥스트커리어, https://kr.indeed.com/rc/clk?jk=9c9ff1f634b43831&fccid=2d777ccbd7a449c1&vjs=3
데이터 분석가 (경력/신입)의 전체 세부 정보, 성남 분당구, 오버노드, https://kr.indeed.com/rc/clk?jk=9a2300bee65d75e4&fccid=235f65bfc26a933c&vjs=3
Product Packaging Engineer의 전체 세부 정보, 서울, INTEL, https://kr.indeed.com/rc/clk?jk=f9471869e3dcfd01&fccid=936367796261bd6e&vjs=3
2023 Student Training in Engineering Program (STEP)  People with Disabilities (장애인 채용)의 전체 세부 정보, 서울, Google, https://kr.indeed.com/rc/clk?jk=5d24a062cabc9f0d&fccid=a5b4499d9e91a5c6&vjs=3
Back end Developer (Python)의 전체 세부 정보, 서울 구로구, 인라이플, https://kr.indeed.com/rc/clk?jk=ef8a1311d2943438&fccid=25a5f8f961de7852&vjs=3
딥러닝 AI 개발 연구원의 전체 세부 정보, 성남 수정구, 베이리스, https://kr.indeed.com/rc/clk?jk=87309d3ff40ead61&fccid=ce871e9e4a9f430a&vjs=3
Python 웹 프론트엔드 개발자의 전체 세부 정보, 서울 성동구, 모멘텀HR, https://kr.indeed.com/rc/clk?jk=c032ab3a30477195&fccid=ced6b7776d793edd&vjs=3
백엔드 개발자(인턴십)의 전체 세부 정보, 서울 서초구, 액스, https://kr.indeed.com/rc/clk?jk=b7223c792bfcbcd4&fccid=5013eca338141e7d&vjs=3
Python  인공지능(AI) 외 신입/경력의 전체 세부 정보, 서울 은평구, 사회정보연구원, https://kr.indeed.com/rc/clk?jk=b7fad584859458e4&fccid=8da9b3751cf2e16c&vjs=3
기술 인턴 인공지능 응용 연구/개발 인턴의 전체 세부 정보, 서울 관악구, 써로마인드로보틱스, https://kr.indeed.com/rc/clk?jk=71c47ac87bb4087e&fccid=230e414668234579&vjs=3
Business Analyst의 전체 세부 정보, 서울 강남구, 이제이엔, https://kr.indeed.com/rc/clk?jk=c4a181675d3d33bc&fccid=8b6179f73c3ea438&vjs=3
2023 Software Engineering Intern  People with Disabilities (장애인 채용)의 전체 세부 정보, 서울, Google, https://kr.indeed.com/rc/clk?jk=ed7b7e6eb72ffab8&fccid=a5b4499d9e91a5c6&vjs=3
파이썬(python) 백엔드 개발자(전문연구요원)의 전체 세부 정보, 서울 강남구, 아토머스, https://kr.indeed.com/rc/clk?jk=c3ea7ef913ec52d2&fccid=660bbb21789ab63d&vjs=3
AI SW 개발-NLP 경력 채용의 전체 세부 정보, 서울, 한화그룹, https://kr.indeed.com/rc/clk?jk=462b4af2ed154b36&fccid=bd0dc1817223394f&vjs=3
Build Engineer의 전체 세부 정보, 서울, Sonatus, https://kr.indeed.com/rc/clk?jk=8b283a6e59824f23&fccid=3cb1f6ea0be8448b&vjs=3
QA개발(소프트웨어 엔지니어)의 전체 세부 정보, 서울 서초구, 포티투마루, https://kr.indeed.com/rc/clk?jk=17af18a46b452c49&fccid=b6cebf2e7d619f07&vjs=3
Data Scientist의 전체 세부 정보, 서울, BOEING, https://kr.indeed.com/rc/clk?jk=0d0872c5582aa229&fccid=edae4285faf6c2f0&vjs=3
[데브툴즈] Front end 개발자의 전체 세부 정보, 안양 동안구, 데브툴즈, https://kr.indeed.com/rc/clk?jk=a76e48ed8883b9b5&fccid=ad60a0632f3f3e71&vjs=3
# 병역특례(산업기능요원)의 전체 세부 정보, 서울 서초구, 포티투마루, https://kr.indeed.com/rc/clk?jk=0e20d580b5033851&fccid=b6cebf2e7d619f07&vjs=3
Data Engineer (Mid/Senior)의 전체 세부 정보, 경기도 평택, Calhoun International  LLC, https://kr.indeed.com/rc/clk?jk=e7ba3bf45f0579e0&fccid=123c27d0e168151d&vjs=3
Science and Technology Support Scientist  South Korea의 전체 세부 정보, 서울, Schrödinger, https://kr.indeed.com/rc/clk?jk=84f1d8c7cd51c814&fccid=8b03edb481500fa4&vjs=3
ML/DL Data Scientist[경력]의 전체 세부 정보, 서울 여의도, 현대자동차그룹, https://kr.indeed.com/rc/clk?jk=80d4df92bd3b714e&fccid=980d6ecc399a3373&vjs=3
감사부문 감사지원팀 데이터분석 인턴의 전체 세부 정보, 서울 영등포구, EY, https://kr.indeed.com/rc/clk?jk=6583ae3760b05eeb&fccid=1544766d4c2915b0&vjs=3
디지털 포렌식 정규전환형 인턴의 전체 세부 정보, 서울 영등포구, EY, https://kr.indeed.com/rc/clk?jk=ebb8d253418bdac5&fccid=1544766d4c2915b0&vjs=3
커넥티드 카 AI 음성인식 개발 (NLP/ 자연어처리)[연구원  책임연구원]의 전체 세부 정보, 서울 강남구, 현대자동차그룹, https://kr.indeed.com/rc/clk?jk=f5187c1945d99ff1&fccid=980d6ecc399a3373&vjs=3
QA - 자동화 엔지니어의 전체 세부 정보, 성남 백현동, 카카오페이, https://kr.indeed.com/rc/clk?jk=af94926e14247245&fccid=c3aa6121be03065c&vjs=3
Python 분석 인원 정규직 채용의 전체 세부 정보, 서울 휘경동, (주)스마트모빌러티 관심기업, https://kr.indeed.com/rc/clk?jk=5e761f105a377ae8&fccid=307824036b9dcb17&vjs=3
[선행기술원] 시계열 AI 모델 및 온라인 학습 기술 개발[책임연구원]의 전체 세부 정보, 성남 판교역, 현대자동차그룹, https://kr.indeed.com/rc/clk?jk=6b5c27f06e497a8b&fccid=980d6ecc399a3373&vjs=3
[TEXTNET] AI 데이터 기반 NLP 모델러의 전체 세부 정보, 서울 용산구, 스피링크, https://kr.indeed.com/rc/clk?jk=26cf217a4477a65a&fccid=0c6dc65eaa2bfc14&vjs=3
AI 개발의 전체 세부 정보, 서울, 리빌더에이아이, https://kr.indeed.com/company/%EB%A6%AC%EB%B9%8C%EB%8D%94%EC%97%90%EC%9D%B4%EC%95%84%EC%9D%B4/jobs/Ai-%EA%B0%9C%EB%B0%9C-9da0742a943847a3?fccid=7b01cc3bad5410f7&vjs=3
[선행기술원] Quantum Computing/Information[책임연구원]의 전체 세부 정보, 성남 판교역, 현대자동차그룹, https://kr.indeed.com/rc/clk?jk=e424415872777a5f&fccid=980d6ecc399a3373&vjs=3
다이렉트인덱싱 솔루션(서비스 백엔드/ 웹 프론트엔드 (~10/31)의 전체 세부 정보, 서울 영등포구, KB자산운용, https://kr.indeed.com/rc/clk?jk=6030a2d74688ff0f&fccid=846186c5b49d7bef&vjs=3
2023 IBM Consulting Associates 채용 - Application Developer의 전체 세부 정보, 서울, IBM, https://kr.indeed.com/rc/clk?jk=a892c81b1382d7d4&fccid=de71a49b535e21cb&vjs=3
[ESTsecurity] 안드로이드 악성코드 분석가의 전체 세부 정보, 서울 서초구, 이스트시큐리티, https://kr.indeed.com/rc/clk?jk=b0526f800b8751c7&fccid=c1bd8195460bf155&vjs=3
[KR] Solutions Engineer  TikTok Ads의 전체 세부 정보, 서울, TikTok, https://kr.indeed.com/rc/clk?jk=e859aef236922ced&fccid=caed318a9335aac0&vjs=3
OpenCV/MATLAB/TensorFlow/Python/C/C++/Linux 알고리즘 엔지니어의 전체 세부 정보, 서울 서초구, 더마미러, https://kr.indeed.com/rc/clk?jk=c67fae56cc560c24&fccid=f401a9b533c97602&vjs=3
[올라핀테크] 핀테크 플랫폼 Python(파이썬) 개발자의 전체 세부 정보, 서울 논현동, 주식회사 올라핀테크 관심기업, https://kr.indeed.com/rc/clk?jk=83afc0063130f3f2&fccid=ee9199e84b45d22f&vjs=3
[SDV] Data Scientist[연구원  책임연구원]의 전체 세부 정보, 서울 강남구, 현대자동차그룹, https://kr.indeed.com/rc/clk?jk=020aee8f471db6e8&fccid=980d6ecc399a3373&vjs=3
(인천 송도) 인공지능(AI)분야 Python 개발 인력 구인의 전체 세부 정보, 인천 송도동, 주식회사 애나 관심기업, https://kr.indeed.com/rc/clk?jk=c0fb9320f68bb3e7&fccid=2f6f10515ebbc33c&vjs=3
SQL  Python 기반 Data Engineer(경력직) 채용의 전체 세부 정보, 서울 도화동, 파인트리파트너스 주식회사 관심기업, https://kr.indeed.com/rc/clk?jk=1720b452301b54aa&fccid=4c458be029af0a85&vjs=3
QA개발(검색/데이터 엔지니어)의 전체 세부 정보, 서울 서초구, 포티투마루, https://kr.indeed.com/rc/clk?jk=4e881e03dcac0b7a&fccid=b6cebf2e7d619f07&vjs=3
Data Analyst의 전체 세부 정보, 서울 강남구, 머스트잇, https://kr.indeed.com/rc/clk?jk=ee7bbcf499fac835&fccid=a23ae42e2166c1ea&vjs=3
[인텔리전스랩스] 데이터 분석가 (마케팅)의 전체 세부 정보, 경기도 성남, Nexon, https://kr.indeed.com/rc/clk?jk=aec83962a6b7ff50&fccid=aba87288e4cc3687&vjs=3
퍼즐데이터 역량있는 데이터 분석가의 전체 세부 정보, 서울 역삼동, 주식회사퍼즐데이터, https://kr.indeed.com/rc/clk?jk=116009dbf59211ed&fccid=bbae7241cc714540&vjs=3
파이썬 백엔드 엔지니어(Python Backend Engineer)의 전체 세부 정보, 서울, Dunamu, https://kr.indeed.com/rc/clk?jk=272637ad170fe32c&fccid=54c9c086b03b7cdc&vjs=3
[선행기술원] SNN기반 Computer Vision 기술 개발 (객체인식/추적)[책임연구원]의 전체 세부 정보, 성남 판교역, 현대자동차그룹, https://kr.indeed.com/rc/clk?jk=d208a45947ad23ee&fccid=980d6ecc399a3373&vjs=3
판교 연구소 필드 엔지니어(FAE/기술지원)의 전체 세부 정보, 성남 분당구, 마젠타로보틱스, https://kr.indeed.com/rc/clk?jk=df87d641ddfc4091&fccid=bd531d5a4d3825d6&vjs=3
[이젠아카데미 강남] 자바(JAVA)웹개발 강사/ 빅데이터 과정 강사/ R기반 빅데이터 분석&시각화 강사의 전체 세부 정보, 서울 서초구, 이젠아카데미, https://kr.indeed.com/rc/clk?jk=95e252817131d58b&fccid=f0e3ec0fd39c0819&vjs=3
Data Analytics/Engineering 신입사원 채용의 전체 세부 정보, 성남 정자동, SK CC, https://kr.indeed.com/rc/clk?jk=78be1c05db61224b&fccid=36b9d5dbe99227ff&vjs=3
AJOU KIURI Bio-AI 센터 학생연구원의 전체 세부 정보, 수원 영통구, 아주대학교, https://kr.indeed.com/rc/clk?jk=7f517b7b1b8d1bd5&fccid=3b1e77596c7c0ec1&vjs=3
빅데이터분석 담당자 in 자원순환 모바일 앱 스타트업의 전체 세부 정보, 서울 성동구, 그레이프 파트너즈, https://kr.indeed.com/rc/clk?jk=5dd25746d945e947&fccid=e4111ad0459bc402&vjs=3
보안기술 엔지니어 담당자 모집의 전체 세부 정보, 서울 여의도, 펜타시큐리티시스템, https://kr.indeed.com/rc/clk?jk=5790a4edb8aeedd7&fccid=03f82731b4232bb7&vjs=3
Junior Customer Success Consultant (m/f/x) - 고객 기술지원의 전체 세부 정보, 서울, TraceTronic GmbH, https://kr.indeed.com/rc/clk?jk=f5e72dba4427c010&fccid=adac664c21fe9690&vjs=3
Software Engineer (Backend)의 전체 세부 정보, 서울, Presto, https://kr.indeed.com/rc/clk?jk=fb7e22a53bf710ac&fccid=37b31c805f66f58e&vjs=3
[선행기술원] 데이터 기반 신기술 센싱[책임연구원]의 전체 세부 정보, 성남 판교역, 현대자동차그룹, https://kr.indeed.com/rc/clk?jk=7ac9785a74324493&fccid=980d6ecc399a3373&vjs=3
지도 구축 기술 개발 부문 경력채용의 전체 세부 정보, 서울 대치동, 현대오토에버, https://kr.indeed.com/rc/clk?jk=c8fe72fcde1c9d5e&fccid=d5a22a3e93377742&vjs=3
C/C++/Python 어플리케이션 엔지니어의 전체 세부 정보, 서울 서초구, 더마미러, https://kr.indeed.com/rc/clk?jk=16b7c752da628c73&fccid=f401a9b533c97602&vjs=3
[인텔리전스랩스] 데이터 분석가 (개인화 콘텐츠)의 전체 세부 정보, 경기도 성남, Nexon, https://kr.indeed.com/rc/clk?jk=46807d2378f3ec7c&fccid=aba87288e4cc3687&vjs=3
Pipeline TD의 전체 세부 정보, 서울 영등포구, 에이펀인터렉티브, https://kr.indeed.com/rc/clk?jk=69f3ceccc9a81727&fccid=ae77467f0f37bd70&vjs=3
비전인식  인공지능(AI) 외 경력의 전체 세부 정보, 성남 수정구, 넥스트커리어, https://kr.indeed.com/rc/clk?jk=684b2a4f58327e92&fccid=2d777ccbd7a449c1&vjs=3
[인텔리전스랩스] UX Researcher/UX 분석가 (게임 경험 분석)의 전체 세부 정보, 경기도 성남, Nexon, https://kr.indeed.com/rc/clk?jk=256d35cc840b890e&fccid=aba87288e4cc3687&vjs=3
[] 검색 개발자의 전체 세부 정보, 서울 중구, 알라딘커뮤니케이션, https://kr.indeed.com/rc/clk?jk=6661f0867b2332e8&fccid=51edebdc5e4c842a&vjs=3
[선행기술원] 차량 시뮬레이션 환경 구축 및 검증[책임연구원]의 전체 세부 정보, 성남 판교역, 현대자동차그룹, https://kr.indeed.com/rc/clk?jk=312f324b377db02d&fccid=980d6ecc399a3373&vjs=3
Robotics Engineer [Computer Vision][연구원  책임연구원]의 전체 세부 정보, 대한민국, 현대자동차그룹, https://kr.indeed.com/rc/clk?jk=1e994678952daca2&fccid=980d6ecc399a3373&vjs=3
[제약] 신약 분자설계 연구(선임/책임)의 전체 세부 정보, 성남 분당구, BOB네트웍스, https://kr.indeed.com/rc/clk?jk=14d5f070330861c8&fccid=6c389097acd73020&vjs=3
Digital Intern의 전체 세부 정보, 서울, Assembly, https://kr.indeed.com/rc/clk?jk=814fa3f80e49870a&fccid=b67ebe83591248fb&vjs=3
Python Developer, Latin America Only/Europe Only/EMEA Only/Africa Only, RemoteMore, https://weworkremotely.com/remote-jobs/remotemore-python-developer-7
Senior Open Source Developer & DevOps (Python  Django  React  AWS/OpenStack), Anywhere in the World, OpenCraft, https://weworkremotely.com/remote-jobs/opencraft-senior-open-source-developer-devops-python-django-react-aws-openstack
Sr Software Engineer - Python, USA Only, Salas O'Brien, https://weworkremotely.com/remote-jobs/salas-o-brien-sr-software-engineer-python
Lead Python Developer, Anywhere in the World, Tactiq Tech, https://weworkremotely.com/remote-jobs/tactiq-tech-lead-python-developer
Senior/Staff Software Engineer - Backend/Python - USA (100% Remote), USA Only, Close, https://weworkremotely.com/remote-jobs/close-senior-staff-software-engineer-backend-python-usa-100-remote
Senior Python Engineer, Anywhere in the World, Shake, https://weworkremotely.com/remote-jobs/shake-senior-python-engineer-2
Python Flask User Workspace Developer, Anywhere in the World, DataExplorer, https://weworkremotely.com/remote-jobs/dataexplorer-python-flask-user-workspace-developer
